KuyuAdi,Enlem,Boylam
UCIMUMUF-14,37.512997,32.136094
UCIMUMUF-25,40.723493,43.946412
UCIMUMUF-39,41.218909,41.833271
UCIMUMUF-47,41.135328,30.015922
UCIMUMUF-8,38.98067,27.082638
UGUCZICERE-4,38.556968,35.19566
UGZIKURU-1,37.33486,41.389685
UKCUKECU-4,38.355576,30.921571
UKGUF-3,40.361034,35.624195
UKETU-3,37.860935,31.222699
UKHIFUR-10,39.337923,28.736595
UKHIFUR-12,40.436484,28.463937
UKHIFUR-5,39.091246,30.157318
UKVEREF-1,39.034623,42.952133
UZUCUEGZU-3,38.990937,44.440799